sku,raw_title,raw_description
CIQ-0001,Amul Butter 500g,"Pack of 2, salted table butter"
CIQ-0002,Amul Taaza Toned Milk 1L,UHT dairy milk carton
CIQ-0003,India Gate Basmati Rice 5kg,Classic long grain rice
CIQ-0004,Aashirvaad Whole Wheat Atta 5kg,Chakki fresh flour
CIQ-0005,Britannia Good Day Butter Cookies 200g,Family pack biscuits
CIQ-0006,Parle-G Glucose Biscuits 800g,Value pack snack
CIQ-0007,Tata Salt 1kg,Iodised vacuum evaporated salt
CIQ-0008,Fortune Sunflower Oil 1L,Refined cooking oil pouch
CIQ-0009,Mother Dairy Paneer 200g,Fresh cottage cheese pack
CIQ-0010,Maggi 2-Minute Noodles  pack of 4,Masala instant noodles
CIQ-0011,Coca-Cola Original Taste 750ml,Sparkling soft drink bottle
CIQ-0012,Tropicana Mixed Fruit Juice 1L,Fruit beverage carton
CIQ-0013,Tata Tea Gold 500g,Black tea leaves pouch
CIQ-0014,Nescafe Classic Coffee 100g,Instant coffee jar
CIQ-0015,Bisleri Mineral Water 1L,Packaged drinking water bottle
CIQ-0016,Paper Boat Aam Panna 600ml,Mango beverage bottle
CIQ-0017,Dove Daily Shine Shampoo 340ml,Nourishing hair care bottle
CIQ-0018,Colgate Strong Teeth Toothpaste 200g,Fluoride toothpaste tube
CIQ-0019,Pears Pure and Gentle Soap  pack of 3,Transparent bathing bars
CIQ-0020,Nivea Soft Moisturizer 200ml,Face and body cream
CIQ-0021,Dettol Liquid Handwash  refill 750ml,Original antibacterial hand wash
CIQ-0022,Whisper Ultra Clean Pads pack of 15,Sanitary care
CIQ-0023,Surf Excel Easy Wash Detergent 2kg,Laundry washing powder
CIQ-0024,Vim Lemon Dishwash Gel 750ml,Lemon dish cleaning liquid
CIQ-0025,Harpic Power Plus 500ml,Bathroom toilet cleaner
CIQ-0026,Scotch-Brite Scrub Pad pack of 3,Kitchen cleaning sponge
CIQ-0027,Philips LED Bulb 9W,Cool daylight energy saving bulb
CIQ-0028,boAt BassHeads 100 Earphones,Wired in-ear headphones with mic
CIQ-0029,Portronics USB C Cable 1m,Fast charging braided cable
CIQ-0030,Logitech M235 Wireless Mouse,Compact USB receiver mouse
CIQ-0031,Samsung 25W USB C Charger,Fast wall charger adapter
CIQ-0032,Realme Buds Wireless Neckband,Bluetooth audio headset
CIQ-0033,Men's Cotton Crew Neck T Shirt,Regular fit navy blue size M
CIQ-0034,Women's Straight Fit Jeans,Mid rise denim blue size 30
CIQ-0035,Kids Cotton Hoodie,Fleece pullover sweatshirt size 8 years
CIQ-0036,Unisex Sports Socks pack of 3,Cotton ankle socks size L
CIQ-0037,Prestige Omega Deluxe Fry Pan 24cm,Non-stick cookware with glass lid
CIQ-0038,Cello Stainless Steel Water Bottle 1L,Insulated kitchen flask
CIQ-0039,Milton Thermosteel Flask 750ml,Vacuum insulated hot and cold bottle
CIQ-0040,Solimo Microfiber Bath Towel,Quick dry cotton blue towel
CIQ-0041,Pigeon Stainless Steel Pressure Cooker 3L,Induction base kitchen cookware
CIQ-0042,IKEA Storage Box 10L,Clear plastic home organizer
CIQ-0043,Haldiram's Aloo Bhujia 200g,Spicy Indian namkeen snack
CIQ-0044,Kellogg's Corn Flakes 475g,Breakfast cereal family pack
CIQ-0045,Dabur Honey 500g,Natural honey squeeze bottle
CIQ-0046,Patanjali Cow Ghee 1L,Clarified butter jar
CIQ-0047,Lays India's Magic Masala Chips  pack of 3,Potato crisps snack
CIQ-0048,Himalaya Neem Face Wash 150ml,Purifying skincare cleanser
CIQ-0049,Godrej Aer Room Freshener  room spray,Fresh fragrance household spray
CIQ-0050,Prestige Electric Kettle 1.5L,Stainless steel kitchen appliance
CIQ-0051,Amul Butter 500g,"Pack of 2, salted table butter"
CIQ-0052,Amul Taaza Toned Milk 1L,UHT dairy milk carton
CIQ-0053,India Gate Basmati Rice 5kg,Classic long grain rice
CIQ-0054,Aashirvaad Whole Wheat Atta 5kg,Chakki fresh flour
CIQ-0055,Britannia Good Day Butter Cookies 200g,Family pack biscuits
CIQ-0056,Parle-G Glucose Biscuits 800g,Value pack snack
CIQ-0057,Tata Salt 1kg,Iodised vacuum evaporated salt
CIQ-0058,Fortune Sunflower Oil 1L,Refined cooking oil pouch
CIQ-0059,Mother Dairy Paneer 200g,Fresh cottage cheese pack
CIQ-0060,Maggi 2-Minute Noodles  pack of 4,Masala instant noodles
CIQ-0061,Coca-Cola Original Taste 750ml,Sparkling soft drink bottle
CIQ-0062,Tropicana Mixed Fruit Juice 1L,Fruit beverage carton
CIQ-0063,Tata Tea Gold 500g,Black tea leaves pouch
CIQ-0064,Nescafe Classic Coffee 100g,Instant coffee jar
CIQ-0065,Bisleri Mineral Water 1L,Packaged drinking water bottle
CIQ-0066,Paper Boat Aam Panna 600ml,Mango beverage bottle
CIQ-0067,Dove Daily Shine Shampoo 340ml,Nourishing hair care bottle
CIQ-0068,Colgate Strong Teeth Toothpaste 200g,Fluoride toothpaste tube
CIQ-0069,Pears Pure and Gentle Soap  pack of 3,Transparent bathing bars
CIQ-0070,Nivea Soft Moisturizer 200ml,Face and body cream
CIQ-0071,Dettol Liquid Handwash  refill 750ml,Original antibacterial hand wash
CIQ-0072,Whisper Ultra Clean Pads pack of 15,Sanitary care
CIQ-0073,Surf Excel Easy Wash Detergent 2kg,Laundry washing powder
CIQ-0074,Vim Lemon Dishwash Gel 750ml,Lemon dish cleaning liquid
CIQ-0075,Harpic Power Plus 500ml,Bathroom toilet cleaner
CIQ-0076,Scotch-Brite Scrub Pad pack of 3,Kitchen cleaning sponge
CIQ-0077,Philips LED Bulb 9W,Cool daylight energy saving bulb
CIQ-0078,boAt BassHeads 100 Earphones,Wired in-ear headphones with mic
CIQ-0079,Portronics USB C Cable 1m,Fast charging braided cable
CIQ-0080,Logitech M235 Wireless Mouse,Compact USB receiver mouse
CIQ-0081,Samsung 25W USB C Charger,Fast wall charger adapter
CIQ-0082,Realme Buds Wireless Neckband,Bluetooth audio headset
CIQ-0083,Men's Cotton Crew Neck T Shirt,Regular fit navy blue size M
CIQ-0084,Women's Straight Fit Jeans,Mid rise denim blue size 30
CIQ-0085,Kids Cotton Hoodie,Fleece pullover sweatshirt size 8 years
CIQ-0086,Unisex Sports Socks pack of 3,Cotton ankle socks size L
CIQ-0087,Prestige Omega Deluxe Fry Pan 24cm,Non-stick cookware with glass lid
CIQ-0088,Cello Stainless Steel Water Bottle 1L,Insulated kitchen flask
CIQ-0089,Milton Thermosteel Flask 750ml,Vacuum insulated hot and cold bottle
CIQ-0090,Solimo Microfiber Bath Towel,Quick dry cotton blue towel
CIQ-0091,Pigeon Stainless Steel Pressure Cooker 3L,Induction base kitchen cookware
CIQ-0092,IKEA Storage Box 10L,Clear plastic home organizer
CIQ-0093,Haldiram's Aloo Bhujia 200g,Spicy Indian namkeen snack
CIQ-0094,Kellogg's Corn Flakes 475g,Breakfast cereal family pack
CIQ-0095,Dabur Honey 500g,Natural honey squeeze bottle
CIQ-0096,Patanjali Cow Ghee 1L,Clarified butter jar
CIQ-0097,Lays India's Magic Masala Chips  pack of 3,Potato crisps snack
CIQ-0098,Himalaya Neem Face Wash 150ml,Purifying skincare cleanser
CIQ-0099,Godrej Aer Room Freshener  room spray,Fresh fragrance household spray
CIQ-0100,Prestige Electric Kettle 1.5L,Stainless steel kitchen appliance
CIQ-0101,Amul Butter 500g,"Pack of 2, salted table butter"
CIQ-0102,Amul Taaza Toned Milk 1L,UHT dairy milk carton
CIQ-0103,India Gate Basmati Rice 5kg,Classic long grain rice
CIQ-0104,Aashirvaad Whole Wheat Atta 5kg,Chakki fresh flour
CIQ-0105,Britannia Good Day Butter Cookies 200g,Family pack biscuits
CIQ-0106,Parle-G Glucose Biscuits 800g,Value pack snack
CIQ-0107,Tata Salt 1kg,Iodised vacuum evaporated salt
CIQ-0108,Fortune Sunflower Oil 1L,Refined cooking oil pouch
CIQ-0109,Mother Dairy Paneer 200g,Fresh cottage cheese pack
CIQ-0110,Maggi 2-Minute Noodles  pack of 4,Masala instant noodles
CIQ-0111,Coca-Cola Original Taste 750ml,Sparkling soft drink bottle
CIQ-0112,Tropicana Mixed Fruit Juice 1L,Fruit beverage carton
CIQ-0113,Tata Tea Gold 500g,Black tea leaves pouch
CIQ-0114,Nescafe Classic Coffee 100g,Instant coffee jar
CIQ-0115,Bisleri Mineral Water 1L,Packaged drinking water bottle
CIQ-0116,Paper Boat Aam Panna 600ml,Mango beverage bottle
CIQ-0117,Dove Daily Shine Shampoo 340ml,Nourishing hair care bottle
CIQ-0118,Colgate Strong Teeth Toothpaste 200g,Fluoride toothpaste tube
CIQ-0119,Pears Pure and Gentle Soap  pack of 3,Transparent bathing bars
CIQ-0120,Nivea Soft Moisturizer 200ml,Face and body cream
CIQ-0121,Dettol Liquid Handwash  refill 750ml,Original antibacterial hand wash
CIQ-0122,Whisper Ultra Clean Pads pack of 15,Sanitary care
CIQ-0123,Surf Excel Easy Wash Detergent 2kg,Laundry washing powder
CIQ-0124,Vim Lemon Dishwash Gel 750ml,Lemon dish cleaning liquid
CIQ-0125,Harpic Power Plus 500ml,Bathroom toilet cleaner
CIQ-0126,Scotch-Brite Scrub Pad pack of 3,Kitchen cleaning sponge
CIQ-0127,Philips LED Bulb 9W,Cool daylight energy saving bulb
CIQ-0128,boAt BassHeads 100 Earphones,Wired in-ear headphones with mic
CIQ-0129,Portronics USB C Cable 1m,Fast charging braided cable
CIQ-0130,Logitech M235 Wireless Mouse,Compact USB receiver mouse
CIQ-0131,Samsung 25W USB C Charger,Fast wall charger adapter
CIQ-0132,Realme Buds Wireless Neckband,Bluetooth audio headset
CIQ-0133,Men's Cotton Crew Neck T Shirt,Regular fit navy blue size M
CIQ-0134,Women's Straight Fit Jeans,Mid rise denim blue size 30
CIQ-0135,Kids Cotton Hoodie,Fleece pullover sweatshirt size 8 years
CIQ-0136,Unisex Sports Socks pack of 3,Cotton ankle socks size L
CIQ-0137,Prestige Omega Deluxe Fry Pan 24cm,Non-stick cookware with glass lid
CIQ-0138,Cello Stainless Steel Water Bottle 1L,Insulated kitchen flask
CIQ-0139,Milton Thermosteel Flask 750ml,Vacuum insulated hot and cold bottle
CIQ-0140,Solimo Microfiber Bath Towel,Quick dry cotton blue towel
CIQ-0141,Pigeon Stainless Steel Pressure Cooker 3L,Induction base kitchen cookware
CIQ-0142,IKEA Storage Box 10L,Clear plastic home organizer
CIQ-0143,Haldiram's Aloo Bhujia 200g,Spicy Indian namkeen snack
CIQ-0144,Kellogg's Corn Flakes 475g,Breakfast cereal family pack
CIQ-0145,Dabur Honey 500g,Natural honey squeeze bottle
CIQ-0146,Patanjali Cow Ghee 1L,Clarified butter jar
CIQ-0147,Lays India's Magic Masala Chips  pack of 3,Potato crisps snack
CIQ-0148,Himalaya Neem Face Wash 150ml,Purifying skincare cleanser
CIQ-0149,Godrej Aer Room Freshener  room spray,Fresh fragrance household spray
CIQ-0150,Prestige Electric Kettle 1.5L,Stainless steel kitchen appliance
CIQ-0151,Amul Butter 500g,"Pack of 2, salted table butter"
CIQ-0152,Amul Taaza Toned Milk 1L,UHT dairy milk carton
CIQ-0153,India Gate Basmati Rice 5kg,Classic long grain rice
CIQ-0154,Aashirvaad Whole Wheat Atta 5kg,Chakki fresh flour
CIQ-0155,Britannia Good Day Butter Cookies 200g,Family pack biscuits
CIQ-0156,Parle-G Glucose Biscuits 800g,Value pack snack
CIQ-0157,Tata Salt 1kg,Iodised vacuum evaporated salt
CIQ-0158,Fortune Sunflower Oil 1L,Refined cooking oil pouch
CIQ-0159,Mother Dairy Paneer 200g,Fresh cottage cheese pack
CIQ-0160,Maggi 2-Minute Noodles  pack of 4,Masala instant noodles
CIQ-0161,Coca-Cola Original Taste 750ml,Sparkling soft drink bottle
CIQ-0162,Tropicana Mixed Fruit Juice 1L,Fruit beverage carton
CIQ-0163,Tata Tea Gold 500g,Black tea leaves pouch
CIQ-0164,Nescafe Classic Coffee 100g,Instant coffee jar
CIQ-0165,Bisleri Mineral Water 1L,Packaged drinking water bottle
CIQ-0166,Paper Boat Aam Panna 600ml,Mango beverage bottle
CIQ-0167,Dove Daily Shine Shampoo 340ml,Nourishing hair care bottle
CIQ-0168,Colgate Strong Teeth Toothpaste 200g,Fluoride toothpaste tube
CIQ-0169,Pears Pure and Gentle Soap  pack of 3,Transparent bathing bars
CIQ-0170,Nivea Soft Moisturizer 200ml,Face and body cream
CIQ-0171,Dettol Liquid Handwash  refill 750ml,Original antibacterial hand wash
CIQ-0172,Whisper Ultra Clean Pads pack of 15,Sanitary care
CIQ-0173,Surf Excel Easy Wash Detergent 2kg,Laundry washing powder
CIQ-0174,Vim Lemon Dishwash Gel 750ml,Lemon dish cleaning liquid
CIQ-0175,Harpic Power Plus 500ml,Bathroom toilet cleaner
CIQ-0176,Scotch-Brite Scrub Pad pack of 3,Kitchen cleaning sponge
CIQ-0177,Philips LED Bulb 9W,Cool daylight energy saving bulb
CIQ-0178,boAt BassHeads 100 Earphones,Wired in-ear headphones with mic
CIQ-0179,Portronics USB C Cable 1m,Fast charging braided cable
CIQ-0180,Logitech M235 Wireless Mouse,Compact USB receiver mouse
CIQ-0181,Samsung 25W USB C Charger,Fast wall charger adapter
CIQ-0182,Realme Buds Wireless Neckband,Bluetooth audio headset
CIQ-0183,Men's Cotton Crew Neck T Shirt,Regular fit navy blue size M
CIQ-0184,Women's Straight Fit Jeans,Mid rise denim blue size 30
CIQ-0185,Kids Cotton Hoodie,Fleece pullover sweatshirt size 8 years
CIQ-0186,Unisex Sports Socks pack of 3,Cotton ankle socks size L
CIQ-0187,Prestige Omega Deluxe Fry Pan 24cm,Non-stick cookware with glass lid
CIQ-0188,Cello Stainless Steel Water Bottle 1L,Insulated kitchen flask
CIQ-0189,Milton Thermosteel Flask 750ml,Vacuum insulated hot and cold bottle
CIQ-0190,Solimo Microfiber Bath Towel,Quick dry cotton blue towel
CIQ-0191,Pigeon Stainless Steel Pressure Cooker 3L,Induction base kitchen cookware
CIQ-0192,IKEA Storage Box 10L,Clear plastic home organizer
CIQ-0193,Haldiram's Aloo Bhujia 200g,Spicy Indian namkeen snack
CIQ-0194,Kellogg's Corn Flakes 475g,Breakfast cereal family pack
CIQ-0195,Dabur Honey 500g,Natural honey squeeze bottle
CIQ-0196,Patanjali Cow Ghee 1L,Clarified butter jar
CIQ-0197,Lays India's Magic Masala Chips  pack of 3,Potato crisps snack
CIQ-0198,Himalaya Neem Face Wash 150ml,Purifying skincare cleanser
CIQ-0199,Godrej Aer Room Freshener  room spray,Fresh fragrance household spray
CIQ-0200,Prestige Electric Kettle 1.5L,Stainless steel kitchen appliance
